cons_ID,cash,no-cash assets value,salary,dividends,spending,utility,skill,time
0.00,594.81,14.14,160.95,0.00,14.14,0.95,2.64,1.00
1.00,121.35,0.00,156.85,0.00,0.00,0.00,7.18,1.00
2.00,393.00,0.00,152.34,0.00,0.00,0.00,4.56,1.00
3.00,295.44,0.00,137.55,0.00,0.00,0.00,3.16,1.00
4.00,635.08,14.14,141.63,0.00,14.14,0.95,1.63,1.00
5.00,917.78,0.00,0.00,0.00,0.00,0.00,1.98,1.00
6.00,956.14,0.00,0.00,0.00,0.00,0.00,1.26,1.00
7.00,589.41,14.14,153.69,0.00,14.14,0.95,9.90,1.00
8.00,691.83,0.00,149.91,0.00,0.00,0.00,3.96,1.00
9.00,620.05,14.14,150.81,5.66,14.14,0.95,3.93,1.00
0.00,720.20,38.39,160.95,0.00,35.56,1.42,2.64,2.00
1.00,278.20,0.00,0.00,0.00,0.00,0.00,7.18,2.00
2.00,509.78,25.60,152.34,0.00,35.56,0.95,4.56,2.00
3.00,397.43,25.60,137.55,0.00,35.56,0.95,3.16,2.00
4.00,766.06,38.39,141.63,0.00,10.65,1.42,1.63,2.00
5.00,882.22,25.60,0.00,0.00,35.56,0.95,1.98,2.00
6.00,956.14,0.00,0.00,0.00,0.00,0.00,1.26,2.00
7.00,707.54,38.39,153.69,0.00,35.56,1.42,9.90,2.00
8.00,806.18,25.60,149.91,0.00,35.56,0.95,3.96,2.00
9.00,785.81,38.39,150.81,25.60,10.65,1.42,3.93,2.00
0.00,858.42,26.70,160.95,0.00,22.73,1.66,2.64,3.00
1.00,278.20,0.00,131.79,0.00,0.00,0.00,7.18,3.00
2.00,662.12,7.63,152.34,0.00,0.00,0.47,4.56,3.00
3.00,534.99,7.63,137.55,0.00,0.00,0.47,3.16,3.00
4.00,899.90,26.70,141.63,0.00,7.79,1.66,1.63,3.00
5.00,882.22,7.63,0.00,0.00,0.00,0.47,1.98,3.00
6.00,956.14,0.00,0.00,0.00,0.00,0.00,1.26,3.00
7.00,759.78,112.90,153.69,0.00,101.46,4.79,9.90,3.00
8.00,956.09,7.63,149.91,0.00,0.00,0.47,3.96,3.00
9.00,941.04,26.70,150.81,12.21,7.79,1.66,3.93,3.00
0.00,1002.17,16.71,0.00,0.00,17.19,1.78,2.64,4.00
1.00,409.99,0.00,131.79,0.00,0.00,0.00,7.18,4.00
2.00,797.27,11.14,0.00,0.00,17.19,1.18,4.56,4.00
3.00,580.90,134.72,0.00,0.00,91.63,4.32,3.16,4.00
4.00,1035.38,16.71,0.00,0.00,6.15,1.78,1.63,4.00
5.00,708.88,134.72,0.00,0.00,173.34,4.32,1.98,4.00
6.00,956.14,0.00,0.00,0.00,0.00,0.00,1.26,4.00
7.00,896.28,144.74,0.00,0.00,17.19,5.38,9.90,4.00
8.00,1088.80,11.14,0.00,0.00,17.19,1.18,3.96,4.00
9.00,1092.58,16.71,0.00,6.88,6.15,1.78,3.93,4.00
0.00,989.31,14.51,101.61,0.00,12.86,1.84,2.64,5.00
1.00,259.60,282.18,131.79,0.00,282.18,4.08,7.18,5.00
2.00,784.41,12.17,146.99,0.00,12.86,1.54,4.56,5.00
3.00,298.72,565.30,101.83,0.00,282.18,5.89,3.16,5.00
4.00,747.50,296.70,80.55,0.00,287.88,5.91,1.63,5.00
5.00,708.88,283.12,67.78,0.00,0.00,4.20,1.98,5.00
6.00,673.95,282.18,0.00,0.00,282.18,4.08,1.26,5.00
7.00,883.41,294.82,255.52,0.00,12.86,5.68,9.90,5.00
8.00,1075.94,12.17,133.42,0.00,12.86,1.54,3.96,5.00
9.00,945.23,296.70,0.00,140.54,287.88,5.91,3.93,5.00
0.00,813.98,279.85,0.00,0.00,276.95,5.94,2.64,6.00
1.00,123.75,535.29,131.79,0.00,267.65,5.77,7.18,6.00
2.00,922.10,11.23,0.00,0.00,9.30,1.72,4.56,6.00
3.00,400.55,535.68,0.00,0.00,0.00,5.83,3.16,6.00
4.00,555.24,547.49,0.00,0.00,272.81,7.63,1.63,6.00
5.00,509.02,535.68,0.00,0.00,267.65,5.83,1.98,6.00
6.00,406.31,535.29,0.00,0.00,267.65,5.77,1.26,6.00
7.00,1129.63,279.07,0.00,0.00,9.30,5.83,9.90,6.00
8.00,1200.06,11.23,0.00,0.00,9.30,1.72,3.96,6.00
9.00,1015.32,279.85,0.00,75.25,5.16,5.94,3.93,6.00
0.00,806.82,434.58,79.39,0.00,7.16,5.96,2.64,7.00
1.00,255.54,847.97,192.25,0.00,0.00,5.77,7.18,7.00
2.00,490.95,434.17,96.80,0.00,431.14,5.88,4.56,7.00
3.00,400.55,848.13,72.24,0.00,0.00,5.80,3.16,7.00
4.00,550.50,858.57,53.56,0.00,4.74,7.65,1.63,7.00
5.00,509.02,848.13,48.65,0.00,0.00,5.80,1.98,7.00
6.00,406.31,847.97,0.00,0.00,0.00,5.77,1.26,7.00
7.00,698.49,858.23,197.86,0.00,431.14,7.59,9.90,7.00
8.00,344.93,858.15,98.07,0.00,855.13,7.57,3.96,7.00
9.00,796.72,858.57,102.00,210.12,428.72,7.65,3.93,7.00
0.00,46.12,1261.51,0.00,0.00,840.09,8.95,2.64,8.00
1.00,30.50,1251.87,0.00,0.00,417.29,7.06,7.18,8.00
2.00,582.24,426.74,0.00,0.00,5.51,5.93,4.56,8.00
3.00,472.79,834.65,0.00,0.00,0.00,5.78,3.16,8.00
4.00,599.89,844.22,0.00,0.00,4.17,7.66,1.63,8.00
5.00,557.67,834.65,0.00,0.00,0.00,5.78,1.98,8.00
6.00,406.31,834.58,0.00,0.00,0.00,5.77,1.26,8.00
7.00,890.84,844.07,0.00,0.00,5.51,7.63,9.90,8.00
8.00,437.49,844.03,0.00,0.00,5.51,7.62,3.96,8.00
9.00,988.23,844.22,0.00,93.67,4.17,7.66,3.93,8.00
0.00,41.97,7.34,0.00,0.00,4.16,8.96,2.64,9.00
1.00,30.50,0.00,189.84,0.00,0.00,7.06,7.18,9.00
2.00,582.24,3.59,87.54,0.00,0.00,5.00,4.56,9.00
3.00,472.79,0.03,56.78,0.00,0.00,5.78,3.16,9.00
4.00,596.70,7.34,0.00,0.00,3.19,7.66,1.63,9.00
5.00,557.67,0.03,42.11,0.00,0.00,5.78,1.98,9.00
6.00,406.31,0.00,23.27,0.00,0.00,5.77,1.26,9.00
7.00,890.84,3.60,180.02,0.00,0.00,6.70,9.90,9.00
8.00,437.49,3.59,78.51,0.00,0.00,6.69,3.96,9.00
9.00,987.97,7.34,84.56,2.94,3.19,7.66,3.93,9.00
0.00,38.70,5.58,0.00,0.00,3.27,8.96,2.64,10.00
1.00,220.34,0.00,0.00,0.00,0.00,7.06,7.18,10.00
2.00,669.78,1.36,0.00,0.00,0.00,4.54,4.56,10.00
3.00,529.57,0.01,0.00,0.00,0.00,5.77,3.16,10.00
4.00,594.38,5.58,0.00,0.00,2.32,7.66,1.63,10.00
5.00,599.78,0.01,0.00,0.00,0.00,5.77,1.98,10.00
6.00,429.57,0.00,0.00,0.00,0.00,5.77,1.26,10.00
7.00,1070.86,1.37,0.00,0.00,0.00,6.23,9.90,10.00
8.00,515.99,1.36,0.00,0.00,0.00,6.23,3.96,10.00
9.00,1072.45,5.58,0.00,2.24,2.32,7.66,3.93,10.00
0.00,36.27,4.20,0.00,0.00,2.43,8.96,2.64,11.00
1.00,220.34,0.00,167.06,0.00,0.00,7.06,7.18,11.00
2.00,669.78,0.51,72.52,0.00,0.00,4.31,4.56,11.00
3.00,529.57,0.00,45.78,0.00,0.00,5.77,3.16,11.00
4.00,592.61,4.20,35.41,0.00,1.77,7.66,1.63,11.00
5.00,599.78,0.00,0.00,0.00,0.00,5.77,1.98,11.00
6.00,429.57,0.00,19.30,0.00,0.00,5.77,1.26,11.00
7.00,1070.86,0.51,147.77,0.00,0.00,6.00,9.90,11.00
8.00,515.99,0.51,58.85,0.00,0.00,6.00,3.96,11.00
9.00,1072.36,4.20,66.90,1.68,1.77,7.66,3.93,11.00
0.00,34.46,3.10,0.00,0.00,1.81,8.96,2.64,12.00
1.00,387.40,0.00,0.00,0.00,0.00,7.06,7.18,12.00
2.00,742.31,0.19,0.00,0.00,0.00,4.19,4.56,12.00
3.00,575.36,0.00,0.00,0.00,0.00,5.77,3.16,12.00
4.00,626.72,3.10,0.00,0.00,1.29,7.66,1.63,12.00
5.00,599.78,0.00,0.00,0.00,0.00,5.77,1.98,12.00
6.00,448.87,0.00,0.00,0.00,0.00,5.77,1.26,12.00
7.00,1218.63,0.19,0.00,0.00,0.00,5.88,9.90,12.00
8.00,574.84,0.19,0.00,0.00,0.00,5.88,3.96,12.00
9.00,1139.21,3.10,0.00,1.24,1.29,7.66,3.93,12.00
0.00,33.02,2.37,0.00,0.00,1.44,8.96,2.64,13.00
1.00,387.40,0.00,135.43,0.00,0.00,7.06,7.18,13.00
2.00,742.31,0.07,56.40,0.00,0.00,4.14,4.56,13.00
3.00,575.36,0.00,39.19,0.00,0.00,5.77,3.16,13.00
4.00,625.79,2.37,0.00,0.00,0.93,7.66,1.63,13.00
5.00,599.78,0.00,0.00,0.00,0.00,5.77,1.98,13.00
6.00,448.87,0.00,15.53,0.00,0.00,5.77,1.26,13.00
7.00,1218.63,0.07,112.63,0.00,0.00,5.83,9.90,13.00
8.00,574.84,0.07,48.98,0.00,0.00,5.83,3.96,13.00
9.00,1139.22,2.37,54.88,0.95,0.93,7.66,3.93,13.00
0.00,31.98,1.78,0.00,0.00,1.04,8.96,2.64,14.00
1.00,522.83,0.00,0.00,0.00,0.00,7.06,7.18,14.00
2.00,797.67,0.92,0.00,0.00,1.04,5.06,4.56,14.00
3.00,614.55,0.00,0.00,0.00,0.00,5.77,3.16,14.00
4.00,625.05,1.78,0.00,0.00,0.74,7.66,1.63,14.00
5.00,599.78,0.00,0.00,0.00,0.00,5.77,1.98,14.00
6.00,464.40,0.00,0.00,0.00,0.00,5.77,1.26,14.00
7.00,1330.22,0.92,0.00,0.00,1.04,6.74,9.90,14.00
8.00,622.78,0.92,0.00,0.00,1.04,6.74,3.96,14.00
9.00,1194.07,1.78,0.00,0.71,0.74,7.66,3.93,14.00
0.00,31.17,1.37,0.00,0.00,0.81,8.96,2.64,15.00
1.00,522.83,0.00,118.37,0.00,0.00,7.06,7.18,15.00
2.00,796.86,1.04,48.85,0.00,0.81,5.51,4.56,15.00
3.00,614.55,0.00,31.36,0.00,0.00,5.77,3.16,15.00
4.00,624.49,1.37,26.49,0.00,0.56,7.66,1.63,15.00
5.00,599.78,0.00,23.54,0.00,0.00,5.77,1.98,15.00
6.00,464.40,0.00,0.00,0.00,0.00,5.77,1.26,15.00
7.00,1329.41,1.04,89.22,0.00,0.81,7.20,9.90,15.00
8.00,621.97,1.04,37.35,0.00,0.81,7.20,3.96,15.00
9.00,1194.06,1.37,45.22,0.55,0.56,7.66,3.93,15.00
0.00,30.56,1.05,0.00,0.00,0.61,8.96,2.64,16.00
1.00,641.20,0.00,0.00,0.00,0.00,7.06,7.18,16.00
2.00,845.10,0.92,0.00,0.00,0.61,5.74,4.56,16.00
3.00,645.91,0.00,0.00,0.00,0.00,5.77,3.16,16.00
4.00,650.55,1.05,0.00,0.00,0.43,7.66,1.63,16.00
5.00,623.32,0.00,0.00,0.00,0.00,5.77,1.98,16.00
6.00,464.40,0.00,0.00,0.00,0.00,5.77,1.26,16.00
7.00,1418.03,0.92,0.00,0.00,0.61,7.43,9.90,16.00
8.00,658.71,0.92,0.00,0.00,0.61,7.43,3.96,16.00
9.00,1239.27,1.05,0.00,0.42,0.43,7.66,3.93,16.00
0.00,30.10,0.80,33.71,0.00,0.46,8.96,2.64,17.00
1.00,641.20,0.00,94.75,0.00,0.00,7.06,7.18,17.00
2.00,844.64,0.75,41.02,0.00,0.46,5.86,4.56,17.00
3.00,645.91,0.00,27.22,0.00,0.00,5.77,3.16,17.00
4.00,650.21,0.80,0.00,0.00,0.34,7.66,1.63,17.00
5.00,623.32,0.00,19.88,0.00,0.00,5.77,1.98,17.00
6.00,464.40,0.00,0.00,0.00,0.00,5.77,1.26,17.00
7.00,1417.56,0.75,72.04,0.00,0.46,7.55,9.90,17.00
8.00,658.25,0.75,32.32,0.00,0.46,7.55,3.96,17.00
9.00,1239.25,0.80,34.93,0.32,0.34,7.66,3.93,17.00
0.00,63.46,0.60,0.00,0.00,0.36,8.96,2.64,18.00
1.00,735.95,0.00,0.00,0.00,0.00,7.06,7.18,18.00
2.00,885.30,0.59,0.00,0.00,0.36,5.92,4.56,18.00
3.00,673.13,0.00,0.00,0.00,0.00,5.77,3.16,18.00
4.00,649.97,0.60,0.00,0.00,0.25,7.66,1.63,18.00
5.00,643.20,0.00,0.00,0.00,0.00,5.77,1.98,18.00
6.00,464.40,0.00,0.00,0.00,0.00,5.77,1.26,18.00
7.00,1489.24,0.59,0.00,0.00,0.36,7.61,9.90,18.00
8.00,690.21,0.59,0.00,0.00,0.36,7.61,3.96,18.00
9.00,1274.17,0.60,0.00,0.24,0.25,7.66,3.93,18.00
0.00,63.17,0.47,28.88,0.00,0.28,8.96,2.64,19.00
1.00,735.95,0.00,79.59,0.00,0.00,7.06,7.18,19.00
2.00,885.02,0.46,35.40,0.00,0.28,5.94,4.56,19.00
3.00,673.13,0.00,20.61,0.00,0.00,5.77,3.16,19.00
4.00,649.78,0.47,0.00,0.00,0.19,7.66,1.63,19.00
5.00,643.20,0.00,15.51,0.00,0.00,5.77,1.98,19.00
6.00,464.40,0.00,0.00,0.00,0.00,5.77,1.26,19.00
7.00,1488.96,0.46,58.53,0.00,0.28,7.63,9.90,19.00
8.00,689.93,0.46,27.08,0.00,0.28,7.63,3.96,19.00
9.00,1274.17,0.47,29.45,0.19,0.19,7.66,3.93,19.00
0.00,91.84,0.36,0.00,0.00,0.22,8.96,2.64,20.00
1.00,815.54,0.00,0.00,0.00,0.00,7.06,7.18,20.00
2.00,920.20,0.36,0.00,0.00,0.22,5.96,4.56,20.00
3.00,693.74,0.00,0.00,0.00,0.00,5.77,3.16,20.00
4.00,649.64,0.36,0.00,0.00,0.14,7.66,1.63,20.00
5.00,658.70,0.00,0.00,0.00,0.00,5.77,1.98,20.00
6.00,464.40,0.00,0.00,0.00,0.00,5.77,1.26,20.00
7.00,1547.26,0.36,0.00,0.00,0.22,7.65,9.90,20.00
8.00,716.79,0.36,0.00,0.00,0.22,7.65,3.96,20.00
9.00,1303.62,0.36,0.00,0.14,0.14,7.66,3.93,20.00
0.00,91.67,0.27,23.29,0.00,0.17,8.96,2.64,21.00
1.00,815.54,0.00,68.02,0.00,0.00,7.06,7.18,21.00
2.00,920.03,0.27,28.64,0.00,0.17,5.97,4.56,21.00
3.00,693.74,0.00,16.98,0.00,0.00,5.77,3.16,21.00
4.00,649.53,0.27,0.00,0.00,0.11,7.66,1.63,21.00
5.00,658.70,0.00,12.02,0.00,0.00,5.77,1.98,21.00
6.00,464.40,0.00,0.00,0.00,0.00,5.77,1.26,21.00
7.00,1547.10,0.27,48.25,0.00,0.17,7.66,9.90,21.00
8.00,716.62,0.27,21.24,0.00,0.17,7.66,3.96,21.00
9.00,1303.62,0.27,24.47,0.11,0.11,7.66,3.93,21.00
0.00,114.84,0.21,0.00,0.00,0.13,8.96,2.64,22.00
1.00,883.56,0.00,0.00,0.00,0.00,7.06,7.18,22.00
2.00,948.55,0.21,0.00,0.00,0.13,5.97,4.56,22.00
3.00,710.72,0.00,0.00,0.00,0.00,5.77,3.16,22.00
4.00,649.45,0.21,0.00,0.00,0.08,7.66,1.63,22.00
5.00,670.72,0.00,0.00,0.00,0.00,5.77,1.98,22.00
6.00,464.40,0.00,0.00,0.00,0.00,5.77,1.26,22.00
7.00,1595.22,0.21,0.00,0.00,0.13,7.66,9.90,22.00
8.00,737.73,0.21,0.00,0.00,0.13,7.66,3.96,22.00
9.00,1328.10,0.21,0.00,0.08,0.08,7.66,3.93,22.00
0.00,114.74,0.15,20.77,0.00,0.09,8.96,2.64,23.00
1.00,883.56,0.00,53.62,0.00,0.00,7.06,7.18,23.00
2.00,948.46,0.15,23.01,0.00,0.09,5.97,4.56,23.00
3.00,710.72,0.00,14.06,0.00,0.00,5.77,3.16,23.00
4.00,649.39,0.15,0.00,0.00,0.06,7.66,1.63,23.00
5.00,670.72,0.00,9.53,0.00,0.00,5.77,1.98,23.00
6.00,464.40,0.00,0.00,0.00,0.00,5.77,1.26,23.00
7.00,1595.13,0.15,35.57,0.00,0.09,7.66,9.90,23.00
8.00,737.64,0.15,18.00,0.00,0.09,7.66,3.96,23.00
9.00,1328.10,0.15,19.85,0.06,0.06,7.66,3.93,23.00
0.00,135.45,0.11,0.00,0.00,0.07,8.96,2.64,24.00
1.00,937.18,0.00,50.58,0.00,0.00,7.06,7.18,24.00
2.00,971.39,0.11,0.00,0.00,0.07,5.97,4.56,24.00
3.00,724.78,0.00,0.00,0.00,0.00,5.77,3.16,24.00
4.00,649.34,0.11,0.00,0.00,0.04,7.66,1.63,24.00
5.00,680.25,0.00,0.00,0.00,0.00,5.77,1.98,24.00
6.00,464.40,0.00,0.00,0.00,0.00,5.77,1.26,24.00
7.00,1630.63,0.11,31.77,0.00,0.07,7.66,9.90,24.00
8.00,755.57,0.11,0.00,0.00,0.07,7.66,3.96,24.00
9.00,1347.95,0.11,0.00,0.05,0.04,7.66,3.93,24.00
0.00,135.40,0.09,16.71,0.00,0.05,8.96,2.64,25.00
1.00,987.76,0.00,45.92,0.00,0.00,7.06,7.18,25.00
2.00,971.34,0.09,18.37,0.00,0.05,5.97,4.56,25.00
3.00,724.78,0.00,0.00,0.00,0.00,5.77,3.16,25.00
4.00,649.31,0.09,0.00,0.00,0.03,7.66,1.63,25.00
5.00,680.25,0.00,0.00,0.00,0.00,5.77,1.98,25.00
6.00,464.40,0.00,0.00,0.00,0.00,5.77,1.26,25.00
7.00,1662.35,0.09,27.99,0.00,0.05,7.66,9.90,25.00
8.00,755.52,0.09,14.13,0.00,0.05,7.66,3.96,25.00
9.00,1347.95,0.09,15.57,0.03,0.03,7.66,3.93,25.00
0.00,152.06,0.06,16.61,0.00,0.04,8.96,2.64,26.00
1.00,1033.68,0.00,46.76,0.00,0.00,7.06,7.18,26.00
2.00,989.67,0.06,15.62,0.00,0.04,5.97,4.56,26.00
3.00,724.78,0.00,9.69,0.00,0.00,5.77,3.16,26.00
4.00,649.29,0.06,0.00,0.00,0.03,7.66,1.63,26.00
5.00,680.25,0.00,0.00,0.00,0.00,5.77,1.98,26.00
6.00,464.40,0.00,0.00,0.00,0.00,5.77,1.26,26.00
7.00,1690.30,0.06,24.71,0.00,0.04,7.66,9.90,26.00
8.00,769.61,0.06,0.00,0.00,0.04,7.66,3.96,26.00
9.00,1363.52,0.06,0.00,0.03,0.03,7.66,3.93,26.00
0.00,168.64,0.05,0.00,0.00,0.03,8.96,2.64,27.00
1.00,1080.44,0.00,41.41,0.00,0.00,7.06,7.18,27.00
2.00,1005.26,0.05,14.28,0.00,0.03,5.97,4.56,27.00
3.00,734.47,0.00,8.26,0.00,0.00,5.77,3.16,27.00
4.00,649.27,0.05,0.00,0.00,0.02,7.66,1.63,27.00
5.00,680.25,0.00,0.00,0.00,0.00,5.77,1.98,27.00
6.00,464.40,0.00,0.00,0.00,0.00,5.77,1.26,27.00
7.00,1714.98,0.05,21.78,0.00,0.03,7.66,9.90,27.00
8.00,769.58,0.05,11.37,0.00,0.03,7.66,3.96,27.00
9.00,1363.52,0.05,11.94,0.02,0.02,7.66,3.93,27.00
0.00,168.62,0.04,14.06,0.00,0.02,8.96,2.64,28.00
1.00,1121.86,0.00,40.01,0.00,0.00,7.06,7.18,28.00
2.00,1019.51,0.04,13.17,0.00,0.02,5.97,4.56,28.00
3.00,742.73,0.00,7.14,0.00,0.00,5.77,3.16,28.00
4.00,649.25,0.04,7.55,0.00,0.01,7.66,1.63,28.00
5.00,680.25,0.00,0.00,0.00,0.00,5.77,1.98,28.00
6.00,464.40,0.00,0.00,0.00,0.00,5.77,1.26,28.00
7.00,1736.74,0.04,19.22,0.00,0.02,7.66,9.90,28.00
8.00,780.93,0.04,0.00,0.00,0.02,7.66,3.96,28.00
9.00,1375.46,0.04,0.00,0.02,0.01,7.66,3.93,28.00
0.00,182.66,0.03,0.00,0.00,0.02,8.96,2.64,29.00
1.00,1161.87,0.00,33.54,0.00,0.00,7.06,7.18,29.00
2.00,1032.66,0.03,12.14,0.00,0.02,5.97,4.56,29.00
3.00,749.88,0.00,0.00,0.00,0.00,5.77,3.16,29.00
4.00,656.79,0.03,0.00,0.00,0.01,7.66,1.63,29.00
5.00,680.25,0.00,5.05,0.00,0.00,5.77,1.98,29.00
6.00,464.40,0.00,0.00,0.00,0.00,5.77,1.26,29.00
7.00,1755.94,0.03,17.19,0.00,0.02,7.66,9.90,29.00
8.00,780.91,0.03,8.96,0.00,0.02,7.66,3.96,29.00
9.00,1375.46,0.03,10.21,0.01,0.01,7.66,3.93,29.00
0.00,182.64,0.02,0.00,0.00,0.01,8.96,2.64,30.00
1.00,1195.41,0.00,31.42,0.00,0.00,7.06,7.18,30.00
2.00,1044.79,0.02,0.00,0.00,0.01,5.97,4.56,30.00
3.00,749.88,0.00,0.00,0.00,0.00,5.77,3.16,30.00
4.00,656.78,0.02,0.00,0.00,0.01,7.66,1.63,30.00
5.00,685.30,0.00,4.60,0.00,0.00,5.77,1.98,30.00
6.00,464.40,0.00,0.00,0.00,0.00,5.77,1.26,30.00
7.00,1773.12,0.02,16.01,0.00,0.01,7.66,9.90,30.00
8.00,789.85,0.02,7.79,0.00,0.01,7.66,3.96,30.00
9.00,1385.68,0.02,0.00,0.01,0.01,7.66,3.93,30.00
0.00,182.63,0.02,0.00,0.00,0.01,8.96,2.64,31.00
1.00,1226.83,0.00,28.66,0.00,0.00,7.06,7.18,31.00
2.00,1044.78,0.02,9.02,0.00,0.01,5.97,4.56,31.00
3.00,749.88,0.00,0.00,0.00,0.00,5.77,3.16,31.00
4.00,656.77,0.02,0.00,0.00,0.01,7.66,1.63,31.00
5.00,689.90,0.00,0.00,0.00,0.00,5.77,1.98,31.00
6.00,464.40,0.00,1.97,0.00,0.00,5.77,1.26,31.00
7.00,1789.12,0.02,14.86,0.00,0.01,7.66,9.90,31.00
8.00,797.63,0.02,7.36,0.00,0.01,7.66,3.96,31.00
9.00,1385.68,0.02,0.00,0.01,0.01,7.66,3.93,31.00
0.00,182.63,0.01,0.00,0.00,0.01,8.96,2.64,32.00
1.00,1255.49,0.00,27.70,0.00,0.00,7.06,7.18,32.00
2.00,1053.79,0.01,7.76,0.00,0.01,5.97,4.56,32.00
3.00,749.88,0.00,4.70,0.00,0.00,5.77,3.16,32.00
4.00,656.77,0.01,0.00,0.00,0.00,7.66,1.63,32.00
5.00,689.90,0.00,0.00,0.00,0.00,5.77,1.98,32.00
6.00,466.37,0.00,0.00,0.00,0.00,5.77,1.26,32.00
7.00,1803.97,0.01,13.37,0.00,0.01,7.66,9.90,32.00
8.00,804.99,0.01,0.00,0.00,0.01,7.66,3.96,32.00
9.00,1385.68,0.01,7.35,0.01,0.00,7.66,3.93,32.00
0.00,182.62,0.01,0.00,0.00,0.01,8.96,2.64,33.00
1.00,1283.19,0.00,25.95,0.00,0.00,7.06,7.18,33.00
2.00,1061.54,0.01,7.35,0.00,0.01,5.97,4.56,33.00
3.00,754.58,0.00,4.43,0.00,0.00,5.77,3.16,33.00
4.00,656.76,0.01,0.00,0.00,0.00,7.66,1.63,33.00
5.00,689.90,0.00,0.00,0.00,0.00,5.77,1.98,33.00
6.00,466.37,0.00,1.55,0.00,0.00,5.77,1.26,33.00
7.00,1817.33,0.01,12.12,0.00,0.01,7.66,9.90,33.00
8.00,804.98,0.01,5.70,0.00,0.01,7.66,3.96,33.00
9.00,1393.02,0.01,0.00,0.00,0.00,7.66,3.93,33.00
0.00,182.62,0.01,8.46,0.00,0.00,8.96,2.64,34.00
1.00,1309.14,0.00,24.24,0.00,0.00,7.06,7.18,34.00
2.00,1068.89,0.01,6.79,0.00,0.00,5.97,4.56,34.00
3.00,759.01,0.00,0.00,0.00,0.00,5.77,3.16,34.00
4.00,656.76,0.01,0.00,0.00,0.00,7.66,1.63,34.00
5.00,689.90,0.00,0.00,0.00,0.00,5.77,1.98,34.00
6.00,467.92,0.00,0.00,0.00,0.00,5.77,1.26,34.00
7.00,1829.45,0.01,10.67,0.00,0.00,7.66,9.90,34.00
8.00,810.68,0.01,0.00,0.00,0.00,7.66,3.96,34.00
9.00,1393.02,0.01,5.73,0.00,0.00,7.66,3.93,34.00
0.00,191.07,0.01,7.91,0.00,0.00,8.96,2.64,35.00
1.00,1333.38,0.00,21.45,0.00,0.00,7.06,7.18,35.00
2.00,1075.68,0.01,5.79,0.00,0.00,5.97,4.56,35.00
3.00,759.01,0.00,3.51,0.00,0.00,5.77,3.16,35.00
4.00,656.76,0.01,0.00,0.00,0.00,7.66,1.63,35.00
5.00,689.90,0.00,0.00,0.00,0.00,5.77,1.98,35.00
6.00,467.92,0.00,0.00,0.00,0.00,5.77,1.26,35.00
7.00,1840.12,0.01,9.93,0.00,0.00,7.66,9.90,35.00
8.00,810.67,0.01,4.55,0.00,0.00,7.66,3.96,35.00
9.00,1398.76,0.01,0.00,0.00,0.00,7.66,3.93,35.00
0.00,198.97,0.00,7.97,0.00,0.00,8.96,2.64,36.00
1.00,1354.83,0.00,21.60,0.00,0.00,7.06,7.18,36.00
2.00,1081.47,0.00,5.38,0.00,0.00,5.97,4.56,36.00
3.00,762.52,0.00,0.00,0.00,0.00,5.77,3.16,36.00
4.00,656.76,0.00,0.00,0.00,0.00,7.66,1.63,36.00
5.00,689.90,0.00,0.00,0.00,0.00,5.77,1.98,36.00
6.00,467.92,0.00,0.00,0.00,0.00,5.77,1.26,36.00
7.00,1850.05,0.00,8.62,0.00,0.00,7.66,9.90,36.00
8.00,815.22,0.00,0.00,0.00,0.00,7.66,3.96,36.00
9.00,1398.76,0.00,4.46,0.00,0.00,7.66,3.93,36.00
0.00,206.95,0.00,0.00,0.00,0.00,8.96,2.64,37.00
1.00,1376.43,0.00,20.79,0.00,0.00,7.06,7.18,37.00
2.00,1086.85,0.00,5.08,0.00,0.00,5.97,4.56,37.00
3.00,762.52,0.00,0.00,0.00,0.00,5.77,3.16,37.00
4.00,656.76,0.00,0.00,0.00,0.00,7.66,1.63,37.00
5.00,689.90,0.00,0.00,0.00,0.00,5.77,1.98,37.00
6.00,467.92,0.00,1.00,0.00,0.00,5.77,1.26,37.00
7.00,1858.66,0.00,8.06,0.00,0.00,7.66,9.90,37.00
8.00,815.22,0.00,0.00,0.00,0.00,7.66,3.96,37.00
9.00,1403.22,0.00,4.03,0.00,0.00,7.66,3.93,37.00
0.00,206.95,0.00,0.00,0.00,0.00,8.96,2.64,38.00
1.00,1397.22,0.00,20.73,0.00,0.00,7.06,7.18,38.00
2.00,1091.93,0.00,0.00,0.00,0.00,5.97,4.56,38.00
3.00,762.52,0.00,0.00,0.00,0.00,5.77,3.16,38.00
4.00,656.75,0.00,0.00,0.00,0.00,7.66,1.63,38.00
5.00,689.90,0.00,0.00,0.00,0.00,5.77,1.98,38.00
6.00,468.92,0.00,0.86,0.00,0.00,5.77,1.26,38.00
7.00,1866.72,0.00,7.36,0.00,0.00,7.66,9.90,38.00
8.00,815.22,0.00,3.55,0.00,0.00,7.66,3.96,38.00
9.00,1407.24,0.00,3.73,0.00,0.00,7.66,3.93,38.00
0.00,206.94,0.00,0.00,0.00,0.00,8.96,2.64,39.00
1.00,1417.95,0.00,19.21,0.00,0.00,7.06,7.18,39.00
2.00,1091.93,0.00,3.90,0.00,0.00,5.97,4.56,39.00
3.00,762.52,0.00,2.21,0.00,0.00,5.77,3.16,39.00
4.00,656.75,0.00,4.36,0.00,0.00,7.66,1.63,39.00
5.00,689.90,0.00,0.00,0.00,0.00,5.77,1.98,39.00
6.00,469.78,0.00,0.00,0.00,0.00,5.77,1.26,39.00
7.00,1874.08,0.00,6.26,0.00,0.00,7.66,9.90,39.00
8.00,818.77,0.00,0.00,0.00,0.00,7.66,3.96,39.00
9.00,1410.97,0.00,3.32,0.00,0.00,7.66,3.93,39.00
0.00,206.94,0.00,0.00,0.00,0.00,8.96,2.64,40.00
1.00,1437.16,0.00,18.38,0.00,0.00,7.06,7.18,40.00
2.00,1095.82,0.00,3.69,0.00,0.00,5.97,4.56,40.00
3.00,764.73,0.00,2.02,0.00,0.00,5.77,3.16,40.00
4.00,661.11,0.00,0.00,0.00,0.00,7.66,1.63,40.00
5.00,689.90,0.00,0.00,0.00,0.00,5.77,1.98,40.00
6.00,469.78,0.00,0.00,0.00,0.00,5.77,1.26,40.00
7.00,1880.34,0.00,5.51,0.00,0.00,7.66,9.90,40.00
8.00,818.77,0.00,2.77,0.00,0.00,7.66,3.96,40.00
9.00,1414.29,0.00,2.92,0.00,0.00,7.66,3.93,40.00
0.00,206.94,0.00,0.00,0.00,0.00,8.96,2.64,41.00
1.00,1455.54,0.00,17.78,0.00,0.00,7.06,7.18,41.00
2.00,1099.51,0.00,3.21,0.00,0.00,5.97,4.56,41.00
3.00,766.75,0.00,0.00,0.00,0.00,5.77,3.16,41.00
4.00,661.11,0.00,0.00,0.00,0.00,7.66,1.63,41.00
5.00,689.90,0.00,0.00,0.00,0.00,5.77,1.98,41.00
6.00,469.78,0.00,0.60,0.00,0.00,5.77,1.26,41.00
7.00,1885.85,0.00,4.94,0.00,0.00,7.66,9.90,41.00
8.00,821.54,0.00,0.00,0.00,0.00,7.66,3.96,41.00
9.00,1417.21,0.00,2.75,0.00,0.00,7.66,3.93,41.00
0.00,206.94,0.00,5.75,0.00,0.00,8.96,2.64,42.00
1.00,1473.32,0.00,16.61,0.00,0.00,7.06,7.18,42.00
2.00,1102.72,0.00,2.76,0.00,0.00,5.97,4.56,42.00
3.00,766.75,0.00,0.00,0.00,0.00,5.77,3.16,42.00
4.00,661.11,0.00,0.00,0.00,0.00,7.66,1.63,42.00
5.00,689.90,0.00,0.00,0.00,0.00,5.77,1.98,42.00
6.00,470.38,0.00,0.00,0.00,0.00,5.77,1.26,42.00
7.00,1890.79,0.00,4.50,0.00,0.00,7.66,9.90,42.00
8.00,821.54,0.00,2.20,0.00,0.00,7.66,3.96,42.00
9.00,1419.96,0.00,2.47,0.00,0.00,7.66,3.93,42.00
0.00,212.69,0.00,0.00,0.00,0.00,8.96,2.64,43.00
1.00,1489.93,0.00,16.53,0.00,0.00,7.06,7.18,43.00
2.00,1105.48,0.00,2.35,0.00,0.00,5.97,4.56,43.00
3.00,766.75,0.00,0.00,0.00,0.00,5.77,3.16,43.00
4.00,661.11,0.00,0.00,0.00,0.00,7.66,1.63,43.00
5.00,689.90,0.00,1.18,0.00,0.00,5.77,1.98,43.00
6.00,470.38,0.00,0.00,0.00,0.00,5.77,1.26,43.00
7.00,1895.29,0.00,3.94,0.00,0.00,7.66,9.90,43.00
8.00,823.74,0.00,1.98,0.00,0.00,7.66,3.96,43.00
9.00,1422.43,0.00,2.20,0.00,0.00,7.66,3.93,43.00
0.00,212.69,0.00,0.00,0.00,0.00,8.96,2.64,44.00
1.00,1506.46,0.00,14.99,0.00,0.00,7.06,7.18,44.00
2.00,1107.83,0.00,2.03,0.00,0.00,5.97,4.56,44.00
3.00,766.75,0.00,1.23,0.00,0.00,5.77,3.16,44.00
4.00,661.11,0.00,0.00,0.00,0.00,7.66,1.63,44.00
5.00,691.08,0.00,0.00,0.00,0.00,5.77,1.98,44.00
6.00,470.38,0.00,0.00,0.00,0.00,5.77,1.26,44.00
7.00,1899.23,0.00,3.50,0.00,0.00,7.66,9.90,44.00
8.00,825.72,0.00,0.00,0.00,0.00,7.66,3.96,44.00
9.00,1424.63,0.00,1.88,0.00,0.00,7.66,3.93,44.00
0.00,212.69,0.00,0.00,0.00,0.00,8.96,2.64,45.00
1.00,1521.45,0.00,13.24,0.00,0.00,7.06,7.18,45.00
2.00,1109.86,0.00,1.87,0.00,0.00,5.97,4.56,45.00
3.00,767.98,0.00,1.15,0.00,0.00,5.77,3.16,45.00
4.00,661.11,0.00,0.00,0.00,0.00,7.66,1.63,45.00
5.00,691.08,0.00,0.00,0.00,0.00,5.77,1.98,45.00
6.00,470.38,0.00,0.00,0.00,0.00,5.77,1.26,45.00
7.00,1902.73,0.00,3.30,0.00,0.00,7.66,9.90,45.00
8.00,825.72,0.00,1.58,0.00,0.00,7.66,3.96,45.00
9.00,1426.51,0.00,0.00,0.00,0.00,7.66,3.93,45.00
0.00,212.69,0.00,4.73,0.00,0.00,8.96,2.64,46.00
1.00,1534.69,0.00,13.38,0.00,0.00,7.06,7.18,46.00
2.00,1111.73,0.00,1.71,0.00,0.00,5.97,4.56,46.00
3.00,769.13,0.00,0.00,0.00,0.00,5.77,3.16,46.00
4.00,661.11,0.00,3.09,0.00,0.00,7.66,1.63,46.00
5.00,691.08,0.00,0.00,0.00,0.00,5.77,1.98,46.00
6.00,470.38,0.00,0.00,0.00,0.00,5.77,1.26,46.00
7.00,1906.04,0.00,2.91,0.00,0.00,7.66,9.90,46.00
8.00,827.30,0.00,1.48,0.00,0.00,7.66,3.96,46.00
9.00,1426.51,0.00,0.00,0.00,0.00,7.66,3.93,46.00
0.00,217.42,0.00,4.50,0.00,0.00,8.96,2.64,47.00
1.00,1548.06,0.00,12.25,0.00,0.00,7.06,7.18,47.00
2.00,1113.44,0.00,0.00,0.00,0.00,5.97,4.56,47.00
3.00,769.13,0.00,1.02,0.00,0.00,5.77,3.16,47.00
4.00,664.20,0.00,0.00,0.00,0.00,7.66,1.63,47.00
5.00,691.08,0.00,0.00,0.00,0.00,5.77,1.98,47.00
6.00,470.38,0.00,0.00,0.00,0.00,5.77,1.26,47.00
7.00,1908.95,0.00,2.49,0.00,0.00,7.66,9.90,47.00
8.00,828.78,0.00,0.00,0.00,0.00,7.66,3.96,47.00
9.00,1426.51,0.00,1.42,0.00,0.00,7.66,3.93,47.00
0.00,221.92,0.00,4.21,0.00,0.00,8.96,2.64,48.00
1.00,1560.31,0.00,10.68,0.00,0.00,7.06,7.18,48.00
2.00,1113.44,0.00,1.39,0.00,0.00,5.97,4.56,48.00
3.00,770.15,0.00,0.00,0.00,0.00,5.77,3.16,48.00
4.00,664.20,0.00,0.00,0.00,0.00,7.66,1.63,48.00
5.00,691.08,0.00,0.00,0.00,0.00,5.77,1.98,48.00
6.00,470.38,0.00,0.00,0.00,0.00,5.77,1.26,48.00
7.00,1911.44,0.00,2.16,0.00,0.00,7.66,9.90,48.00
8.00,828.78,0.00,1.25,0.00,0.00,7.66,3.96,48.00
9.00,1427.93,0.00,0.00,0.00,0.00,7.66,3.93,48.00
0.00,226.13,0.00,0.00,0.00,0.00,8.96,2.64,49.00
1.00,1570.99,0.00,9.46,0.00,0.00,7.06,7.18,49.00
2.00,1114.83,0.00,1.21,0.00,0.00,5.97,4.56,49.00
3.00,770.15,0.00,0.85,0.00,0.00,5.77,3.16,49.00
4.00,664.20,0.00,0.00,0.00,0.00,7.66,1.63,49.00
5.00,691.08,0.00,0.00,0.00,0.00,5.77,1.98,49.00
6.00,470.38,0.00,0.00,0.00,0.00,5.77,1.26,49.00
7.00,1913.60,0.00,2.03,0.00,0.00,7.66,9.90,49.00
8.00,830.03,0.00,1.12,0.00,0.00,7.66,3.96,49.00
9.00,1427.93,0.00,1.09,0.00,0.00,7.66,3.93,49.00
0.00,226.13,0.00,0.00,0.00,0.00,8.96,2.64,50.00
1.00,1580.45,0.00,8.70,0.00,0.00,7.06,7.18,50.00
2.00,1116.04,0.00,1.12,0.00,0.00,5.97,4.56,50.00
3.00,771.00,0.00,0.73,0.00,0.00,5.77,3.16,50.00
4.00,664.20,0.00,0.00,0.00,0.00,7.66,1.63,50.00
5.00,691.08,0.00,0.00,0.00,0.00,5.77,1.98,50.00
6.00,470.38,0.00,0.00,0.00,0.00,5.77,1.26,50.00
7.00,1915.62,0.00,1.82,0.00,0.00,7.66,9.90,50.00
8.00,831.14,0.00,1.02,0.00,0.00,7.66,3.96,50.00
9.00,1429.03,0.00,1.03,0.00,0.00,7.66,3.93,50.00
